S.No,actual,pred,alive,plod,male,house,book1,book2,book3,book4,book5,isMarried,isNoble,numDeadRelations,boolDeadRelations,isPopular,popularity,isAlive
4,0,0,0.076,0.924,0,House Arryn,0,0,0,0,0,1,1,0,0,0,0.183946488,0
309,1,1,0.737,0.263,0,House Arryn,0,0,0,1,0,1,0,1,1,0,0.080267559,1
313,1,1,0.755,0.245,0,House Arryn,1,0,0,0,0,0,0,0,0,0,0.006688963,1
341,1,1,0.689,0.311,1,House Arryn,1,0,0,0,0,0,0,0,0,0,0.003344482,1
548,1,1,0.988,0.012,1,House Arryn,0,0,0,1,1,0,0,0,0,0,0.016722408,1
738,1,1,0.99,0.01,0,House Arryn,0,0,0,1,1,0,0,0,0,0,0.013377926,1
766,1,1,0.997,0.003,0,House Arryn,0,0,0,1,1,0,0,0,0,0,0.010033445,1
990,0,1,0.83,0.17,0,House Arryn,0,0,1,1,0,0,1,0,0,0,0.08361204,0
1015,0,1,0.825,0.175,1,House Arryn,0,1,0,1,0,0,1,0,0,0,0.046822742,0
1118,1,0,0.402,0.598,1,House Arryn,0,0,0,1,0,0,1,1,1,0,0.043478261,1
1121,0,0,0.223,0.777,0,House Arryn,0,0,0,0,0,0,1,0,0,0,0.033444816,0
1567,1,0,0.461,0.539,1,House Arryn,1,1,1,1,1,0,0,0,0,0,0.046822742,1
1673,1,0,0.461,0.539,1,House Arryn,1,1,1,1,1,0,1,0,0,0,0.066889632,1
1732,0,0,0.11,0.89,1,House Arryn,1,0,0,0,0,0,1,0,0,0,0.063545151,0
1745,0,0,0.397,0.603,1,House Arryn,1,1,1,1,1,1,1,5,1,1,0.836120401,0
1796,1,0,0.34,0.66,1,House Arryn,1,1,1,1,1,0,1,0,0,0,0.321070234,1
381,1,1,0.983,0.017,0,House Baratheon,0,0,1,1,0,0,0,0,0,0,0.016722408,1
420,1,1,0.724,0.276,1,House Baratheon,0,1,0,0,0,0,1,0,0,0,0.016722408,1
542,1,0,0.486,0.514,1,House Baratheon,1,0,0,0,0,1,0,0,0,0,0.016722408,1
644,1,1,0.898,0.102,1,House Baratheon,0,1,0,0,0,0,0,0,0,0,0.003344482,1
1082,1,1,0.718,0.282,1,House Baratheon,0,1,0,0,0,0,1,0,0,0,0.023411371,1
1195,1,0,0.437,0.563,1,House Baratheon,1,1,1,1,1,0,0,0,0,0,0.284280936,1
1587,0,0,0.031,0.969,1,House Baratheon,1,0,0,0,0,1,1,5,1,1,0.488294314,0
1682,0,1,0.574,0.426,1,House Baratheon,1,1,1,1,1,0,0,0,0,0,0.140468227,0
1785,0,0,0.45,0.55,1,House Baratheon,1,1,1,1,1,1,1,2,1,1,1,0
1812,0,0,0.066,0.934,1,House Baratheon,0,1,1,0,1,1,1,2,1,1,0.371237458,0
1862,0,0,0.21,0.79,1,House Baratheon,0,0,0,0,0,0,1,0,0,0,0.056856187,0
1865,1,1,0.711,0.289,1,House Baratheon,1,0,0,0,0,1,0,0,0,0,0.016722408,1
1922,0,0,0.115,0.885,1,House Baratheon,1,1,0,0,1,0,0,1,1,0,0.107023411,0
442,1,1,0.855,0.145,0,House Baratheon,0,1,0,0,0,0,0,0,0,0,0.006688963,1
684,1,1,0.847,0.153,1,House Baratheon,0,0,1,0,0,0,0,0,0,0,0.010033445,1
759,1,1,0.965,0.035,0,House Baratheon,0,1,0,0,0,0,0,0,0,0,0.003344482,1
858,1,1,0.917,0.083,1,House Baratheon,0,0,1,0,0,0,0,0,0,0,0.006688963,1
991,1,1,0.989,0.011,0,House Baratheon,0,1,1,1,0,0,1,0,0,0,0.023411371,1
1166,1,1,0.855,0.145,0,House Baratheon,0,0,0,0,0,0,0,0,0,0,0,1
1592,1,1,0.829,0.171,1,House Baratheon,0,1,1,1,1,0,0,0,0,0,0.107023411,1
1783,1,0,0.381,0.619,0,House Baratheon,1,1,1,1,1,0,1,4,1,0,0.230769231,1
1833,1,1,0.731,0.269,1,House Baratheon,0,1,1,1,1,0,1,0,0,0,0.18729097,1
1271,1,1,0.992,0.008,1,House Baratheon,0,0,1,1,1,0,0,0,0,0,0.006688963,1
1383,1,1,0.904,0.096,1,House Baratheon,0,1,1,1,1,0,1,0,0,0,0.046822742,1
1565,1,1,0.89,0.11,1,House Baratheon,1,1,1,1,1,0,0,0,0,0,0.076923077,1
1574,1,1,0.583,0.417,0,House Baratheon,1,1,1,1,1,0,1,5,1,1,0.56187291,1
160,1,1,0.613,0.387,1,House Bolton,0,0,0,0,1,0,0,0,0,0,0.033444816,1
253,1,1,0.916,0.084,1,House Bolton,0,1,1,1,1,0,0,0,0,0,0.046822742,1
270,1,0,0.385,0.615,1,House Bolton,0,0,0,0,1,0,0,0,0,0,0.043478261,1
350,1,0,0.371,0.629,1,House Bolton,0,0,0,0,1,0,0,0,0,0,0.033444816,1
728,0,1,0.97,0.03,1,House Bolton,0,0,0,0,1,0,0,0,0,0,0.023411371,0
802,1,1,0.987,0.013,1,House Bolton,0,0,1,0,0,0,0,0,0,0,0.003344482,1
1683,0,1,0.974,0.026,1,House Bolton,0,1,0,1,1,0,0,0,0,0,0.090301003,0
1715,1,1,0.504,0.496,1,House Bolton,0,0,0,0,1,0,0,0,0,0,0.026755853,1
1782,1,1,0.711,0.289,1,House Bolton,1,1,1,1,1,1,1,1,1,1,0.97993311,1
1802,0,1,0.917,0.083,1,House Bolton,0,0,0,0,1,0,0,0,0,0,0.043478261,0
1900,1,1,0.649,0.351,1,House Bolton,0,0,0,0,1,0,0,0,0,0,0.033444816,1
1923,1,1,0.985,0.015,1,House Bolton,0,0,0,1,1,1,1,0,0,0,0.043478261,1
1943,0,1,0.987,0.013,1,House Bolton,0,1,0,1,1,0,0,0,0,0,0.096989967,0
1607,1,0,0.36,0.64,1,House Bolton,0,1,1,1,1,1,1,1,1,1,0.461538462,1
2,1,0,0.387,0.613,1,House Frey,1,1,1,1,1,1,1,1,1,1,0.89632107,1
104,1,1,0.768,0.232,1,House Frey,0,1,1,1,0,0,0,0,0,0,0.147157191,1
190,1,1,0.666,0.334,1,House Frey,1,0,0,0,0,0,1,0,0,0,0.013377926,1
223,1,1,0.725,0.275,1,House Frey,0,0,0,1,0,0,0,0,0,0,0.133779264,1
242,1,1,0.823,0.177,0,House Frey,0,1,1,1,0,0,0,0,0,0,0.086956522,1
243,1,1,0.747,0.253,0,House Frey,0,1,1,1,0,0,0,0,0,0,0.10367893,1
244,1,1,0.805,0.195,0,House Frey,0,0,0,0,0,0,0,0,0,0,0,1
245,1,1,0.773,0.227,0,House Frey,0,0,0,0,0,0,0,0,0,0,0,1
246,1,1,0.809,0.191,0,House Frey,0,0,0,0,0,1,0,0,0,0,0,1
247,1,0,0.201,0.799,0,House Frey,0,0,1,0,0,0,0,0,0,0,0.026755853,1
248,1,1,0.784,0.216,1,House Frey,0,0,0,0,0,0,0,0,0,0,0,1
250,1,1,0.824,0.176,1,House Frey,0,0,0,0,0,0,0,0,0,0,0,1
251,0,1,0.813,0.187,1,House Frey,0,0,0,0,0,0,0,0,0,0,0,0
276,1,0,0.194,0.806,1,House Frey,0,0,0,0,0,0,1,0,0,0,0.026755853,1
279,1,1,0.759,0.241,1,House Frey,0,0,0,0,0,0,0,0,0,0,0,1
280,0,1,0.767,0.233,1,House Frey,0,0,0,0,0,0,0,0,0,0,0,0
382,1,1,0.866,0.134,1,House Frey,0,0,1,0,0,0,1,0,0,0,0.003344482,1
622,1,1,0.729,0.271,1,House Frey,0,0,0,1,0,0,0,0,0,0,0.127090301,1
691,1,1,0.797,0.203,0,House Frey,0,0,0,1,0,0,0,0,0,0,0.073578595,1
878,1,1,0.76,0.24,1,House Frey,0,1,1,1,0,0,1,0,0,0,0.033444816,1
885,1,1,0.817,0.183,0,House Frey,0,1,1,1,0,0,0,0,0,0,0.143812709,1
896,1,1,0.813,0.187,1,House Frey,0,1,1,1,0,0,0,0,0,0,0.137123746,1
900,1,1,0.688,0.312,0,House Frey,0,1,1,1,0,1,0,0,0,0,0.066889632,1
902,1,1,0.797,0.203,0,House Frey,0,1,1,1,0,0,0,0,0,0,0.143812709,1
912,1,1,0.732,0.268,1,House Frey,0,1,1,1,0,0,0,0,0,0,0.133779264,1
916,1,1,0.747,0.253,0,House Frey,0,1,1,1,1,0,0,0,0,0,0.046822742,1
918,1,1,0.707,0.293,1,House Frey,0,1,1,1,0,1,1,0,0,0,0.163879599,1
931,0,1,0.749,0.251,1,House Frey,0,1,1,1,1,1,1,0,0,0,0.073578595,0
940,1,1,0.672,0.328,0,House Frey,0,1,1,1,0,1,0,0,0,0,0.140468227,1
942,1,1,0.725,0.275,1,House Frey,0,1,1,1,0,0,0,0,0,0,0.140468227,1
946,1,1,0.796,0.204,1,House Frey,0,1,1,1,0,0,0,0,0,0,0.100334448,1
955,1,1,0.761,0.239,0,House Frey,0,1,1,1,0,0,0,0,0,0,0.133779264,1
964,1,1,0.813,0.187,1,House Frey,0,1,1,1,1,0,0,0,0,0,0.046822742,1
970,1,1,0.716,0.284,0,House Frey,0,1,1,1,0,0,0,0,0,0,0.143812709,1
983,1,0,0.499,0.501,1,House Frey,1,1,1,1,1,1,1,0,0,0,0.180602007,1
986,1,1,0.797,0.203,0,House Frey,0,1,1,1,0,0,0,0,0,0,0.050167224,1
996,1,1,0.725,0.275,1,House Frey,0,1,1,1,0,0,0,0,0,0,0.086956522,1
1020,1,1,0.659,0.341,1,House Frey,1,1,1,1,1,0,0,0,0,0,0.066889632,1
1025,1,1,0.823,0.177,0,House Frey,0,1,1,1,0,0,0,0,0,0,0.080267559,1
1040,1,0,0.255,0.745,1,House Frey,0,0,0,0,0,0,1,0,0,0,0.036789298,1
1097,1,1,0.76,0.24,1,House Frey,0,1,1,1,0,0,0,0,0,0,0.090301003,1
1113,1,1,0.809,0.191,1,House Frey,0,1,1,1,1,1,1,0,0,0,0.090301003,1
1125,1,1,0.817,0.183,0,House Frey,0,1,1,1,1,0,0,0,0,0,0.02006689,1
1136,1,1,0.834,0.166,0,House Frey,0,1,1,1,0,0,0,0,0,0,0.053511706,1
1144,1,1,0.765,0.235,0,House Frey,0,1,1,1,0,1,0,0,0,0,0.050167224,1
1152,1,1,0.764,0.236,0,House Frey,0,1,1,1,0,1,0,0,0,0,0.066889632,1
1190,0,0,0.463,0.537,1,House Frey,1,1,1,1,1,1,1,0,0,0,0.247491639,0
1196,1,0,0.31,0.69,1,House Frey,1,1,1,1,1,1,1,0,0,0,0.274247492,1
1200,1,1,0.726,0.274,0,House Frey,0,1,1,1,1,1,0,0,0,0,0.160535117,1
1202,1,1,0.672,0.328,0,House Frey,0,1,1,1,0,1,0,0,0,0,0.107023411,1
1204,1,1,0.76,0.24,1,House Frey,0,1,1,1,0,0,0,0,0,0,0.137123746,1
1210,1,1,0.817,0.183,0,House Frey,0,1,1,1,0,0,0,0,0,0,0.160535117,1
1216,1,1,0.538,0.462,0,House Frey,1,1,1,1,1,0,0,0,0,0,0.030100334,1
1219,1,1,0.745,0.255,0,House Frey,0,1,1,1,0,0,0,0,0,0,0.08361204,1
1229,1,1,0.983,0.017,0,House Frey,0,1,1,1,1,0,0,0,0,0,0.016722408,1
1233,1,1,0.817,0.183,0,House Frey,0,1,1,1,0,0,0,0,0,0,0.08361204,1
1243,1,1,0.753,0.247,0,House Frey,0,1,1,1,1,1,1,0,0,0,0.120401338,1
1264,1,0,0.401,0.599,1,House Frey,1,1,1,1,1,0,0,1,1,0,0.08361204,1
1275,1,1,0.761,0.239,0,House Frey,0,1,1,1,0,0,0,0,0,0,0.050167224,1
1281,0,1,0.798,0.202,1,House Frey,0,1,1,1,0,1,1,0,0,0,0.170568562,0
1285,1,1,0.747,0.253,0,House Frey,0,1,1,1,0,0,0,0,0,0,0.100334448,1
1286,1,1,0.581,0.419,1,House Frey,1,1,1,1,1,0,1,0,0,0,0.08361204,1
1306,1,1,0.524,0.476,1,House Frey,0,1,1,1,1,1,1,0,0,0,0.177257525,1
1317,1,1,0.817,0.183,0,House Frey,0,1,1,1,0,0,0,0,0,0,0.060200669,1
1331,1,1,0.694,0.306,0,House Frey,1,1,1,1,1,0,0,0,0,0,0.023411371,1
1343,1,1,0.518,0.482,1,House Frey,1,1,1,1,1,0,0,1,1,0,0.023411371,1
1344,1,1,0.745,0.255,0,House Frey,0,1,1,1,0,0,0,0,0,0,0.137123746,1
1350,1,1,0.747,0.253,0,House Frey,0,1,1,1,0,0,0,0,0,0,0.147157191,1
1352,1,1,0.797,0.203,0,House Frey,0,1,1,1,0,0,0,0,0,0,0.137123746,1
1360,1,1,0.761,0.239,0,House Frey,0,1,1,1,0,0,0,0,0,0,0.137123746,1
1364,1,1,0.823,0.177,0,House Frey,0,1,1,1,1,0,0,0,0,0,0.043478261,1
1370,1,1,0.747,0.253,0,House Frey,0,1,1,1,0,0,0,0,0,0,0.100334448,1
1382,0,1,0.661,0.339,1,House Frey,0,1,1,1,1,1,0,0,0,0,0.200668896,0
1412,1,1,0.823,0.177,0,House Frey,0,1,1,1,1,0,0,0,0,0,0.086956522,1
1414,1,1,0.774,0.226,0,House Frey,0,1,1,1,0,0,0,0,0,0,0.08361204,1
1416,0,1,0.704,0.296,1,House Frey,0,1,1,1,0,1,1,0,0,0,0.063545151,0
1417,1,1,0.732,0.268,1,House Frey,0,1,1,1,1,0,1,0,0,0,0.080267559,1
1430,1,1,0.817,0.183,0,House Frey,0,1,1,1,0,0,0,0,0,0,0.033444816,1
1439,1,1,0.814,0.186,1,House Frey,0,1,1,1,0,1,0,0,0,0,0.107023411,1
1441,1,1,0.768,0.232,1,House Frey,0,1,1,1,1,0,0,0,0,0,0.050167224,1
1442,1,1,0.76,0.24,1,House Frey,0,1,1,1,1,0,0,0,0,0,0.050167224,1
1443,1,1,0.674,0.326,1,House Frey,1,1,1,1,1,1,1,0,0,0,0.100334448,1
1449,1,1,0.732,0.268,1,House Frey,0,1,1,1,1,0,0,0,0,0,0.080267559,1
1455,1,1,0.725,0.275,1,House Frey,0,1,1,1,0,0,0,0,0,0,0.046822742,1
1457,1,1,0.823,0.177,0,House Frey,0,1,1,1,0,0,0,0,0,0,0.046822742,1
1460,0,1,0.662,0.338,1,House Frey,1,1,1,1,1,1,1,0,0,0,0.147157191,0
1463,1,1,0.751,0.249,0,House Frey,0,1,1,1,0,1,1,0,0,0,0.237458194,1
1501,1,1,0.749,0.251,1,House Frey,0,1,1,1,0,1,0,0,0,0,0.147157191,1
1524,0,1,0.654,0.346,1,House Frey,1,1,1,1,1,1,1,0,0,0,0.147157191,0
1562,0,0,0.322,0.678,1,House Frey,1,1,1,1,1,1,0,0,0,1,0.434782609,0
1595,0,0,0.475,0.525,1,House Frey,0,1,1,1,0,1,0,0,0,0,0.177257525,0
1759,1,1,0.838,0.162,1,House Frey,1,1,1,1,1,1,1,1,1,0,0.173913043,1
1822,0,1,0.662,0.338,1,House Frey,1,1,1,1,1,1,1,0,0,0,0.173913043,0
1872,0,1,0.66,0.34,1,House Frey,0,1,1,1,1,1,0,0,0,0,0.133779264,0
1878,1,0,0.446,0.554,1,House Frey,0,1,1,1,1,1,0,6,1,0,0.217391304,1
1882,0,0,0.493,0.507,1,House Frey,0,1,1,1,1,0,1,0,0,0,0.217391304,0
1937,1,1,0.847,0.153,1,House Frey,1,1,1,1,1,1,1,0,0,0,0.080267559,1
249,1,1,0.683,0.317,0,House Frey,0,0,0,0,0,0,0,0,0,0,0,1
1198,1,1,0.675,0.325,0,House Frey,0,1,1,1,1,1,1,0,0,0,0.063545151,1
1505,1,1,0.925,0.075,1,House Frey,1,1,1,1,1,1,1,0,0,0,0.230769231,1
28,1,1,0.71,0.29,1,House Greyjoy,0,0,0,1,1,0,0,0,0,0,0.023411371,1
59,0,1,0.704,0.296,1,House Greyjoy,0,0,0,1,0,1,1,0,0,0,0.090301003,0
61,1,1,0.767,0.233,1,House Greyjoy,0,0,0,1,0,0,0,0,0,0,0.060200669,1
70,1,1,0.988,0.012,0,House Greyjoy,0,0,0,1,0,0,0,0,0,0,0.010033445,1
81,0,0,0.283,0.717,1,House Greyjoy,0,1,0,0,0,0,0,0,0,0,0.013377926,0
105,1,1,0.759,0.241,1,House Greyjoy,0,0,0,1,0,0,0,0,0,0,0.063545151,1
137,1,1,0.879,0.121,0,House Greyjoy,0,0,0,0,0,0,0,0,0,0,0,1
157,1,0,0.193,0.807,1,House Greyjoy,0,1,1,0,0,0,0,0,0,0,0.023411371,1
167,0,0,0.323,0.677,0,House Greyjoy,0,1,0,0,0,0,0,0,0,0,0.003344482,0
178,0,0,0.328,0.672,0,House Greyjoy,0,1,0,0,0,0,0,0,0,0,0.006688963,0
221,1,0,0.323,0.677,1,House Greyjoy,0,1,0,0,0,0,0,0,0,0,0.006688963,1
222,0,1,0.796,0.204,0,House Greyjoy,0,1,0,0,0,0,0,0,0,0,0.013377926,0
224,1,1,0.796,0.204,1,House Greyjoy,0,1,1,1,0,0,0,0,0,0,0.023411371,1
231,1,0,0.203,0.797,1,House Greyjoy,0,1,1,0,0,0,0,0,0,0,0.02006689,1
233,1,1,0.71,0.29,1,House Greyjoy,0,0,0,1,0,0,0,0,0,0,0.073578595,1
267,1,1,0.822,0.178,0,House Greyjoy,0,1,0,0,0,0,0,0,0,0,0.006688963,1
293,0,0,0.051,0.949,1,House Greyjoy,0,1,0,0,1,0,0,0,0,0,0.026755853,0
396,1,1,0.795,0.205,1,House Greyjoy,0,1,1,0,0,0,0,0,0,0,0.010033445,1
461,1,1,0.71,0.29,1,House Greyjoy,0,0,0,1,0,0,0,0,0,0,0.060200669,1
470,0,1,0.769,0.231,1,House Greyjoy,0,1,0,0,0,0,0,0,0,0,0.013377926,0
532,0,0,0.303,0.697,1,House Greyjoy,0,1,0,0,1,0,0,0,0,0,0.026755853,0
568,0,0,0.303,0.697,1,House Greyjoy,0,1,0,0,1,0,0,0,0,0,0.026755853,0
583,1,1,0.704,0.296,1,House Greyjoy,0,0,0,1,0,0,0,0,0,0,0.063545151,1
600,1,1,0.927,0.073,0,House Greyjoy,0,1,1,1,0,0,0,0,0,0,0.016722408,1
677,0,1,0.514,0.486,0,House Greyjoy,0,1,0,0,0,0,0,0,0,0,0.006688963,0
867,1,1,0.926,0.074,1,House Greyjoy,0,1,0,1,0,0,1,0,0,0,0.010033445,1
974,1,0,0.275,0.725,1,House Greyjoy,0,0,0,1,1,0,1,0,0,0,0.073578595,1
1426,0,0,0.243,0.757,0,House Greyjoy,1,1,1,1,0,0,1,0,0,0,0.036789298,0
1488,0,1,0.504,0.496,1,House Greyjoy,0,0,0,1,1,0,0,0,0,0,0.023411371,0
1493,1,1,0.834,0.166,1,House Greyjoy,0,1,0,1,1,0,1,0,0,0,0.120401338,1
1576,1,1,0.717,0.283,1,House Greyjoy,0,0,0,1,1,0,1,0,0,0,0.050167224,1
1623,1,0,0.313,0.687,1,House Greyjoy,1,1,1,1,1,0,1,4,1,1,0.45819398,1
1625,1,1,0.579,0.421,0,House Greyjoy,1,1,0,1,1,1,1,0,0,0,0.237458194,1
1643,1,0,0.365,0.635,0,House Greyjoy,1,1,0,1,1,1,1,0,0,1,0.7090301,1
1661,1,1,0.953,0.047,1,House Greyjoy,0,1,1,1,0,0,0,0,0,0,0.013377926,1
1768,0,0,0.403,0.597,1,House Greyjoy,1,1,1,1,1,0,0,4,1,0,0.140468227,0
1786,1,0,0.259,0.741,1,House Greyjoy,1,1,1,1,1,0,1,4,1,1,1,1
1789,1,1,0.928,0.072,1,House Greyjoy,0,1,1,1,0,0,1,0,0,0,0.02006689,1
1832,1,0,0.03,0.97,0,House Greyjoy,0,1,1,0,0,0,0,0,0,0,0.036789298,1
1834,1,0,0.254,0.746,1,House Greyjoy,1,1,1,1,1,0,1,4,1,1,0.705685619,1
1840,0,0,0.414,0.586,1,House Greyjoy,1,1,1,1,1,0,0,4,1,0,0.153846154,0
113,1,1,0.993,0.007,1,House Lannister,0,0,0,1,0,0,0,0,0,0,0,1
154,1,1,0.976,0.024,0,House Lannister,0,0,0,1,0,0,0,0,0,0,0.013377926,1
170,0,0,0.152,0.848,1,House Lannister,1,1,1,1,1,1,1,1,1,0,0.170568562,0
209,0,1,0.803,0.197,0,House Lannister,1,0,0,0,0,0,0,0,0,0,0.006688963,0
399,1,1,0.703,0.297,0,House Lannister,0,1,0,0,0,0,1,0,0,0,0,1
443,0,0,0.158,0.842,1,House Lannister,0,0,0,0,0,1,1,0,0,0,0,0
445,1,0,0.178,0.822,1,House Lannister,0,0,0,0,0,1,0,0,0,0,0.060200669,1
466,1,1,0.817,0.183,0,House Lannister,0,0,0,1,0,0,0,0,0,0,0.02006689,1
473,1,1,0.724,0.276,0,House Lannister,0,1,0,0,0,0,1,0,0,0,0.006688963,1
534,0,0,0.008,0.992,1,House Lannister,0,0,0,0,0,1,1,0,0,0,0.086956522,0
540,1,1,0.71,0.29,1,House Lannister,1,0,0,0,0,0,0,0,0,0,0,1
609,1,1,0.988,0.012,0,House Lannister,0,0,0,1,0,0,0,0,0,0,0.010033445,1
639,1,1,0.692,0.308,1,House Lannister,0,1,0,0,0,0,0,0,0,0,0.003344482,1
641,0,0,0.054,0.946,0,House Lannister,1,1,1,1,1,1,1,5,1,0,0.230769231,0
666,0,0,0.12,0.88,1,House Lannister,1,0,0,0,0,0,0,0,0,0,0.030100334,0
700,1,1,0.984,0.016,0,House Lannister,0,0,1,1,0,0,0,0,0,0,0.016722408,1
727,1,1,0.99,0.01,1,House Lannister,0,0,1,1,0,0,0,0,0,0,0.013377926,1
733,1,1,0.702,0.298,1,House Lannister,0,1,0,0,0,0,1,0,0,0,0.013377926,1
746,1,1,0.674,0.326,0,House Lannister,1,0,0,0,0,0,0,0,0,0,0.006688963,1
788,0,0,0.106,0.894,1,House Lannister,1,0,0,0,0,0,0,0,0,0,0.026755853,0
864,1,1,0.983,0.017,0,House Lannister,0,0,0,1,0,0,0,0,0,0,0.013377926,1
954,1,1,0.523,0.477,0,House Lannister,1,1,1,1,1,0,0,0,0,0,0.070234114,1
1112,1,1,0.591,0.409,0,House Lannister,1,1,1,1,1,0,0,0,0,0,0.100334448,1
1117,0,0,0.211,0.789,1,House Lannister,0,0,0,0,0,1,1,0,0,0,0.046822742,0
1143,1,1,0.676,0.324,0,House Lannister,1,1,1,1,1,0,0,0,0,0,0.10367893,1
1157,1,1,0.868,0.132,0,House Lannister,0,0,1,1,1,1,0,0,0,0,0.073578595,1
1178,1,1,0.706,0.294,0,House Lannister,0,0,1,1,1,0,1,0,0,0,0.066889632,1
1206,1,1,0.585,0.415,0,House Lannister,0,0,1,1,1,1,1,0,0,0,0.02006689,1
1217,1,0,0.483,0.517,1,House Lannister,0,1,1,1,1,0,0,5,1,0,0.137123746,1
1256,1,1,0.591,0.409,0,House Lannister,1,1,1,1,1,0,0,0,0,0,0.070234114,1
1410,0,0,0.085,0.915,1,House Lannister,0,0,0,0,0,1,1,0,0,0,0.076923077,0
1413,0,1,0.525,0.475,1,House Lannister,1,1,1,1,1,1,0,0,0,0,0.133779264,0
1428,1,1,0.788,0.212,1,House Lannister,0,1,1,1,1,0,1,0,0,0,0.040133779,1
1448,0,0,0.458,0.542,1,House Lannister,1,1,1,1,1,0,0,4,1,0,0.16722408,0
1482,1,1,0.834,0.166,0,House Lannister,1,1,1,1,1,1,1,9,1,1,1,1
1535,1,0,0.139,0.861,1,House Lannister,1,0,0,0,0,0,0,0,0,0,0.060200669,1
1602,0,0,0.452,0.548,1,House Lannister,1,1,1,1,1,0,1,0,0,1,0.638795987,0
1680,1,0,0.157,0.843,1,House Lannister,1,1,1,1,1,0,1,0,0,0,0.20735786,1
1706,0,1,0.56,0.44,1,House Lannister,1,1,1,1,1,0,0,0,0,0,0.140468227,0
1742,1,0,0.352,0.648,1,House Lannister,1,1,1,1,1,0,1,7,1,1,1,1
1752,0,0,0.26,0.74,1,House Lannister,1,1,1,1,1,1,1,4,1,1,0.869565217,0
1799,0,0,0.053,0.947,1,House Lannister,1,1,1,1,1,1,1,5,1,1,1,0
1815,0,1,0.797,0.203,1,House Lannister,0,0,0,1,0,0,0,0,0,0,0.033444816,0
1841,1,0,0.293,0.707,1,House Lannister,1,1,1,1,1,1,1,12,1,1,1,1
1849,0,0,0.094,0.906,1,House Lannister,0,0,0,0,0,0,1,0,0,1,0.35451505,0
1858,1,1,0.763,0.237,1,House Lannister,0,0,1,1,1,1,1,0,0,0,0.08361204,1
1874,1,1,0.656,0.344,1,House Lannister,0,1,1,1,1,0,1,0,0,1,0.535117057,1
1917,1,1,0.53,0.47,1,House Lannister,1,1,1,1,1,1,1,0,0,0,0.110367893,1
1946,0,0,0.093,0.907,1,House Lannister,0,0,1,1,1,1,1,4,1,0,0.210702341,0
1537,1,0,0.018,0.982,1,House Lannister,1,1,1,1,1,1,1,5,1,1,0.47826087,1
126,1,1,0.979,0.021,0,House Lannister,0,0,0,1,1,0,0,0,0,0,0.023411371,1
198,1,1,0.997,0.003,1,House Martell,0,0,0,1,0,0,0,0,0,0,0.006688963,1
343,1,1,0.998,0.002,0,House Martell,0,0,0,1,0,0,0,0,0,0,0.006688963,1
372,1,1,0.99,0.01,1,House Martell,0,0,0,1,0,0,0,0,0,0,0.006688963,1
405,1,1,0.989,0.011,0,House Martell,0,0,0,1,0,0,0,0,0,0,0.013377926,1
530,1,1,0.993,0.007,0,House Martell,0,0,0,1,1,0,1,0,0,0,0.013377926,1
772,1,1,0.989,0.011,0,House Martell,0,0,0,1,0,0,0,0,0,0,0.010033445,1
787,1,1,0.993,0.007,0,House Martell,0,0,0,1,0,0,0,0,0,0,0.010033445,1
791,0,0,0.044,0.956,1,House Martell,0,0,0,1,0,0,0,0,0,0,0.066889632,0
1171,1,1,0.834,0.166,0,House Martell,0,0,1,1,1,0,0,1,1,0,0.107023411,1
1205,1,1,0.989,0.011,0,House Martell,0,0,0,1,1,0,1,0,0,0,0.023411371,1
1211,1,1,0.905,0.095,1,House Martell,0,0,0,1,1,1,1,5,1,0,0.036789298,1
1571,1,1,0.988,0.012,1,House Martell,0,0,0,1,1,0,1,0,0,0,0.023411371,1
1572,1,1,0.807,0.193,0,House Martell,1,0,0,1,0,1,1,0,0,0,0.053511706,1
1577,1,0,0.406,0.594,0,House Martell,0,0,1,1,1,0,0,1,1,1,0.377926421,1
1578,1,1,0.64,0.36,0,House Martell,1,1,0,1,1,1,1,0,0,0,0.197324415,1
1579,0,0,0.272,0.728,1,House Martell,1,1,1,1,1,0,1,5,1,1,0.772575251,0
1580,1,1,0.803,0.197,0,House Martell,0,0,1,1,1,0,0,1,1,0,0.10367893,1
1605,0,0,0.497,0.503,1,House Martell,1,1,1,1,1,0,1,0,0,1,0.551839465,0
1637,1,1,0.638,0.362,1,House Martell,1,1,1,1,1,0,1,0,0,0,0.257525084,1
1668,1,1,0.843,0.157,1,House Martell,1,1,1,1,1,0,1,0,0,0,0.040133779,1
1686,1,1,0.796,0.204,0,House Martell,0,0,0,1,1,0,0,1,1,0,0.10367893,1
1690,1,1,0.796,0.204,0,House Martell,0,0,1,1,1,0,0,1,1,0,0.117056856,1
1758,0,1,0.735,0.265,1,House Martell,1,0,1,1,1,0,1,2,1,0,0.147157191,0
1779,1,1,0.827,0.173,0,House Martell,0,0,1,1,1,0,0,1,1,0,0.140468227,1
1843,1,0,0.094,0.906,1,House Martell,1,1,1,1,1,0,1,6,1,0,0.150501672,1
1899,1,0,0.463,0.537,0,House Martell,1,1,1,1,1,0,1,0,0,1,0.571906355,1
1911,1,1,0.825,0.175,0,House Martell,0,0,1,1,1,0,0,1,1,0,0.137123746,1
1918,1,1,0.759,0.241,0,House Martell,0,0,1,1,1,0,0,1,1,0,0.10367893,1
1929,1,1,0.918,0.082,0,House Martell,0,0,0,1,1,0,1,0,0,0,0.070234114,1
30,0,0,0.203,0.797,0,House Stark,1,0,0,0,0,0,0,0,0,0,0.026755853,0
109,1,0,0.186,0.814,1,House Stark,0,0,0,0,1,1,0,0,0,0,0.100334448,1
155,1,1,0.988,0.012,0,House Stark,0,1,0,1,0,0,0,0,0,0,0.02006689,1
161,1,1,0.817,0.183,0,House Stark,0,1,0,0,0,0,0,0,0,0,0.006688963,1
203,1,1,0.826,0.174,0,House Stark,0,1,0,0,0,0,0,0,0,0,0.013377926,1
218,1,1,0.927,0.073,0,House Stark,0,1,0,1,0,0,0,0,0,0,0.016722408,1
237,0,1,0.758,0.242,0,House Stark,1,0,0,0,0,0,0,0,0,0,0.016722408,0
263,1,1,0.758,0.242,1,House Stark,1,0,0,0,0,0,0,0,0,0,0.010033445,1
298,0,0,0.282,0.718,1,House Stark,0,1,0,0,0,0,0,0,0,0,0.030100334,0
334,1,1,0.986,0.014,0,House Stark,0,1,0,1,0,0,0,0,0,0,0.02006689,1
338,1,1,0.882,0.118,1,House Stark,0,1,0,0,0,0,0,0,0,0,0.003344482,1
375,1,1,0.99,0.01,1,House Stark,0,1,0,0,0,0,1,0,0,0,0.016722408,1
377,1,0,0.277,0.723,1,House Stark,0,1,0,0,0,0,1,0,0,0,0.033444816,1
378,1,0,0.384,0.616,1,House Stark,0,1,0,0,0,1,1,0,0,0,0.143812709,1
398,1,1,0.817,0.183,0,House Stark,0,1,0,0,0,0,0,0,0,0,0.013377926,1
464,1,1,0.769,0.231,0,House Stark,1,0,0,0,0,0,0,0,0,0,0.006688963,1
517,1,0,0.199,0.801,0,House Stark,1,1,1,0,0,0,0,0,0,0,0.033444816,1
526,1,1,0.802,0.198,1,House Stark,0,1,0,0,0,0,0,0,0,0,0,1
594,1,1,0.741,0.259,1,House Stark,0,1,0,0,0,0,0,0,0,0,0.016722408,1
605,0,0,0.232,0.768,0,House Stark,1,0,0,0,0,0,0,0,0,0,0.02006689,0
658,1,0,0.122,0.878,1,House Stark,1,1,0,0,0,0,0,0,0,0,0.030100334,1
701,1,1,0.823,0.177,0,House Stark,0,0,0,0,0,0,0,0,0,0,0,1
799,1,1,0.903,0.097,1,House Stark,0,1,0,0,0,0,0,0,0,0,0.003344482,1
806,1,1,0.795,0.205,0,House Stark,1,1,1,1,1,0,0,0,0,0,0.096989967,1
842,1,1,0.829,0.171,0,House Stark,0,1,0,1,0,0,0,1,1,0,0.02006689,1
859,1,0,0.205,0.795,1,House Stark,1,1,0,0,0,0,0,0,0,0,0.010033445,1
862,0,0,0.358,0.642,1,House Stark,0,1,0,0,0,0,0,0,0,0,0.010033445,0
917,1,0,0.204,0.796,1,House Stark,0,1,0,0,1,1,0,0,0,0,0.10367893,1
926,1,0,0.417,0.583,1,House Stark,0,1,0,0,0,0,1,0,0,0,0.127090301,1
935,1,0,0.25,0.75,1,House Stark,0,1,0,0,0,1,1,0,0,0,0.234113712,1
953,0,0,0.198,0.802,1,House Stark,1,1,0,0,0,0,0,0,0,0,0.030100334,0
968,0,0,0.212,0.788,1,House Stark,1,1,0,0,0,1,1,0,0,1,0.484949833,0
992,0,0,0.202,0.798,0,House Stark,1,1,0,0,1,0,0,0,0,0,0.043478261,0
1003,1,0,0.277,0.723,1,House Stark,0,1,0,0,0,0,1,0,0,0,0.080267559,1
1007,1,1,0.982,0.018,1,House Stark,0,1,0,0,0,0,1,0,0,0,0.010033445,1
1010,1,1,0.739,0.261,1,House Stark,0,1,0,0,1,0,1,0,0,0,0.026755853,1
1012,1,1,0.985,0.015,0,House Stark,0,1,0,0,0,0,1,0,0,0,0.010033445,1
1013,1,0,0.404,0.596,1,House Stark,0,1,0,0,0,1,1,0,0,0,0.107023411,1
1034,1,1,0.991,0.009,1,House Stark,0,1,0,0,0,0,1,0,0,0,0.010033445,1
1105,0,0,0.284,0.716,1,House Stark,1,1,1,0,1,0,1,0,0,0,0.060200669,0
1111,1,0,0.261,0.739,0,House Stark,1,1,1,1,0,0,0,0,0,0,0.033444816,1
1135,1,1,0.982,0.018,1,House Stark,0,1,0,0,0,0,1,0,0,0,0.010033445,1
1137,1,0,0.264,0.736,1,House Stark,0,1,0,0,0,1,1,0,0,0,0.127090301,1
1139,1,1,0.986,0.014,1,House Stark,0,1,0,0,0,0,1,0,0,0,0.010033445,1
1147,1,1,0.915,0.085,1,House Stark,0,0,1,0,0,0,1,0,0,0,0.016722408,1
1151,0,1,0.694,0.306,1,House Stark,1,1,0,1,1,0,0,0,0,0,0.053511706,0
1293,1,0,0.3,0.7,1,House Stark,1,1,1,1,0,0,0,0,0,0,0.023411371,1
1325,1,1,0.582,0.418,1,House Stark,1,0,0,0,0,0,1,0,0,0,0.040133779,1
1328,1,0,0.409,0.591,1,House Stark,0,1,0,0,0,1,1,0,0,0,0.130434783,1
1397,0,0,0.209,0.791,1,House Stark,1,1,1,0,1,0,0,0,0,0,0.063545151,0
1438,1,1,0.993,0.007,1,House Stark,0,1,0,0,0,0,1,0,0,0,0.010033445,1
1450,0,1,0.538,0.462,1,House Stark,0,1,0,0,0,1,1,0,0,0,0.117056856,0
1467,1,0,0.315,0.685,0,House Stark,1,1,1,1,1,0,1,8,1,1,1,1
1475,1,0,0.289,0.711,1,House Stark,1,1,1,1,1,0,1,7,1,1,1,1
1518,1,0,0.485,0.515,1,House Stark,1,1,1,1,1,0,0,0,0,0,0.244147157,1
1541,0,0,0.04,0.96,1,House Stark,1,1,1,0,1,0,0,5,1,1,0.35451505,0
1569,0,0,0.281,0.719,0,House Stark,1,1,1,0,0,0,0,0,0,0,0.10367893,0
1584,1,1,0.963,0.037,1,House Stark,1,1,1,1,1,0,0,0,0,0,0.25083612,1
1627,0,0,0.17,0.83,1,House Stark,1,1,1,0,1,0,0,0,0,0,0.073578595,0
1657,1,0,0.062,0.938,1,House Stark,1,1,1,1,1,0,1,5,1,1,0.401337793,1
1665,1,1,0.934,0.066,0,House Stark,1,1,1,1,1,0,1,0,0,0,0.090301003,1
1689,0,0,0.445,0.555,1,House Stark,1,1,1,1,1,1,1,6,1,1,1,0
1698,0,0,0.148,0.852,1,House Stark,1,1,1,0,1,0,0,0,0,0,0.056856187,0
1726,1,1,0.658,0.342,0,House Stark,1,1,1,1,1,0,0,0,0,0,0.130434783,1
1750,1,1,0.884,0.116,1,House Stark,1,1,1,1,1,0,1,5,1,1,1,1
1774,0,1,0.76,0.24,1,House Stark,1,1,1,1,1,0,0,0,0,0,0.096989967,0
1793,1,1,0.961,0.039,0,House Stark,1,1,1,1,1,1,1,10,1,1,1,1
1820,0,1,0.96,0.04,0,House Stark,1,1,1,1,1,0,0,0,0,0,0.120401338,0
1827,0,0,0.291,0.709,1,House Stark,1,1,1,0,1,1,1,5,1,0,0.27090301,0
1877,1,0,0.236,0.764,1,House Stark,1,1,1,1,1,0,1,8,1,1,0.551839465,1
1903,0,0,0.059,0.941,1,House Stark,1,1,1,0,1,0,0,0,0,1,0.347826087,0
1942,0,1,0.803,0.197,1,House Stark,1,1,1,1,1,0,0,0,0,1,0.351170569,0
7,0,0,0.014,0.986,1,House Targaryen,0,0,0,0,0,1,1,0,0,1,0.431438127,0
39,1,1,0.965,0.035,0,House Targaryen,0,0,0,0,0,0,0,0,0,0,0,1
56,0,0,0,1,0,House Targaryen,1,0,0,0,0,1,1,12,1,0,0.220735786,0
79,1,1,0.926,0.074,1,House Targaryen,0,0,0,0,0,0,1,0,0,0,0,1
85,0,0,0.001,0.999,1,House Targaryen,0,0,0,0,0,1,1,3,1,0,0.096989967,0
86,0,0,0.004,0.996,0,House Targaryen,0,0,0,0,0,1,1,0,0,0,0.143812709,0
87,0,0,0,1,0,House Targaryen,0,0,0,0,0,0,1,0,0,0,0.073578595,0
88,0,0,0.002,0.998,0,House Targaryen,1,0,0,0,0,1,1,1,1,0,0.277591973,0
89,0,1,0.763,0.237,0,House Targaryen,1,1,1,1,1,0,1,10,1,0,0.244147157,0
91,0,0,0.242,0.758,0,House Targaryen,0,0,0,0,0,1,1,0,0,0,0.143812709,0
179,1,0,0.296,0.704,1,House Targaryen,0,0,0,0,1,0,0,0,0,0,0.043478261,1
182,1,1,0.945,0.055,1,House Targaryen,0,0,0,0,1,0,0,0,0,0,0.023411371,1
261,1,1,0.945,0.055,0,House Targaryen,0,0,0,0,0,0,0,0,0,0,0,1
269,1,1,0.788,0.212,0,House Targaryen,1,1,1,1,1,0,0,0,0,0,0.200668896,1
284,1,0,0.053,0.947,1,House Targaryen,0,0,0,0,0,0,1,0,0,0,0,1
286,0,0,0.001,0.999,0,House Targaryen,0,0,0,0,0,0,1,0,0,0,0,0
287,0,0,0.057,0.943,1,House Targaryen,0,0,0,0,0,1,1,0,0,0,0,0
288,0,0,0.003,0.997,1,House Targaryen,0,0,0,0,0,0,0,0,0,0,0,0
330,0,0,0.01,0.99,1,House Targaryen,0,0,0,0,0,0,1,0,0,0,0.100334448,0
331,1,0,0.057,0.943,0,House Targaryen,0,0,0,0,0,0,1,0,0,0,0.043478261,1
333,0,0,0.002,0.998,1,House Targaryen,0,0,1,0,0,1,1,3,1,1,0.474916388,0
430,0,0,0.049,0.951,0,House Targaryen,0,0,0,0,0,1,1,0,0,0,0.086956522,0
431,0,0,0,1,1,House Targaryen,0,0,0,0,0,0,1,0,0,0,0.080267559,0
432,0,0,0.005,0.995,0,House Targaryen,0,0,0,0,1,1,1,10,1,0,0.093645485,0
434,0,0,0,1,0,House Targaryen,0,0,0,0,0,1,1,7,1,0,0.227424749,0
436,0,0,0.26,0.74,1,House Targaryen,0,0,0,0,0,0,1,0,0,0,0.227424749,0
438,0,0,0.382,0.618,1,House Targaryen,0,1,0,1,0,1,1,0,0,0,0.130434783,0
478,0,0,0.243,0.757,1,House Targaryen,0,0,1,1,1,1,1,6,1,0,0.140468227,0
488,0,0,0.085,0.915,0,House Targaryen,0,0,0,0,0,1,1,7,1,0,0.137123746,0
572,1,0,0.267,0.733,1,House Targaryen,0,0,0,0,1,0,0,0,0,0,0.127090301,1
618,0,0,0.034,0.966,1,House Targaryen,0,0,0,0,0,0,1,0,0,0,0.18729097,0
619,0,0,0.023,0.977,0,House Targaryen,0,0,0,0,0,1,1,0,0,0,0.280936455,0
1188,1,1,0.752,0.248,0,House Targaryen,1,1,1,1,1,0,0,0,0,0,0.133779264,1
1215,0,0,0.058,0.942,1,House Targaryen,0,0,0,0,0,0,1,0,0,0,0.100334448,0
1248,1,0,0.334,0.666,1,House Targaryen,0,0,0,0,0,0,0,0,0,0,0.046822742,1
1348,0,0,0.001,0.999,1,House Targaryen,0,0,0,0,0,0,1,0,0,0,0.070234114,0
1461,0,0,0.004,0.996,1,House Targaryen,0,1,1,0,1,1,1,4,1,0,0.20735786,0
1462,0,0,0.029,0.971,1,House Targaryen,0,0,0,0,1,0,1,4,1,0,0.311036789,0
1517,0,0,0.066,0.934,0,House Targaryen,0,0,0,0,0,1,1,0,0,0,0.27090301,0
1528,1,1,0.696,0.304,0,House Targaryen,1,1,1,1,1,0,0,0,0,0,0.143812709,1
1564,1,1,0.825,0.175,0,House Targaryen,0,0,1,1,1,0,0,0,0,0,0.173913043,1
1656,1,1,0.875,0.125,1,House Targaryen,0,1,1,1,1,0,0,0,0,0,0.143812709,1
1666,0,0,0.185,0.815,1,House Targaryen,0,0,0,1,1,0,1,4,1,1,0.605351171,0
1677,0,0,0.006,0.994,1,House Targaryen,0,0,0,0,0,1,1,5,1,1,0.668896321,0
1678,1,0,0.047,0.953,0,House Targaryen,1,1,1,1,1,1,1,15,1,1,1,1
1685,0,0,0.253,0.747,0,House Targaryen,1,1,0,0,1,0,0,0,0,0,0.110367893,0
1714,0,1,0.778,0.222,0,House Targaryen,0,0,1,1,1,0,1,0,0,0,0.110367893,0
1737,1,0,0.048,0.952,1,House Targaryen,1,1,1,1,1,1,1,0,0,1,0.394648829,1
1738,1,0,0.474,0.526,0,House Targaryen,1,1,1,1,1,0,0,0,0,0,0.193979933,1
1797,1,0,0.399,0.601,1,House Targaryen,1,1,1,1,1,0,0,0,0,0,0.183946488,1
1798,0,0,0.094,0.906,1,House Targaryen,1,0,1,1,1,1,1,8,1,0,0.321070234,0
1816,0,0,0.001,0.999,0,House Targaryen,0,0,0,0,1,0,0,4,1,0,0.043478261,0
1828,0,0,0.058,0.942,0,House Targaryen,1,1,1,1,1,1,1,5,1,0,0.277591973,0
1830,0,0,0.082,0.918,1,House Targaryen,1,1,1,1,1,0,1,11,1,1,0.622073579,0
1869,0,0,0.36,0.64,0,House Targaryen,1,1,1,1,0,0,0,6,1,0,0.16722408,0
1881,0,0,0.001,0.999,0,House Targaryen,0,0,0,0,0,0,1,0,0,0,0.080267559,0
1884,1,0,0.296,0.704,1,House Targaryen,0,0,0,0,1,0,1,0,0,0,0.086956522,1
1891,1,1,0.979,0.021,0,House Targaryen,0,0,0,1,1,1,1,0,0,0,0.137123746,1
1898,0,0,0.06,0.94,1,House Targaryen,0,0,0,0,0,0,1,0,0,0,0.180602007,0
1902,0,0,0,1,0,House Targaryen,0,0,0,0,0,1,1,0,0,0,0.127090301,0
1919,0,0,0.001,0.999,1,House Targaryen,1,1,1,1,1,1,1,11,1,1,0.799331104,0
1932,1,0,0.284,0.716,1,House Targaryen,0,0,0,0,1,1,0,0,0,0,0.050167224,1
55,1,0,0.352,0.648,0,House Tyrell,1,1,1,1,1,1,1,3,1,1,1,1
65,1,1,0.916,0.084,0,House Tyrell,0,0,1,1,0,0,1,0,0,0,0.127090301,1
77,1,1,0.923,0.077,0,House Tyrell,0,0,1,1,0,0,0,0,0,0,0.127090301,1
97,1,1,0.906,0.094,1,House Tyrell,0,0,1,1,0,0,0,0,0,0,0.123745819,1
241,1,1,0.954,0.046,0,House Tyrell,0,0,1,1,0,0,1,0,0,0,0.123745819,1
256,1,1,0.906,0.094,1,House Tyrell,0,0,0,1,1,0,0,0,0,0,0.053511706,1
325,1,1,0.918,0.082,0,House Tyrell,0,0,0,0,0,0,0,0,0,0,0,1
502,1,1,0.923,0.077,0,House Tyrell,0,0,0,0,0,0,0,0,0,0,0,1
697,1,1,0.52,0.48,1,House Tyrell,0,0,1,0,0,0,1,0,0,0,0.053511706,1
698,1,1,0.929,0.071,0,House Tyrell,0,0,1,1,0,0,0,0,0,0,0.123745819,1
699,1,1,0.923,0.077,1,House Tyrell,0,0,1,1,0,1,1,0,0,0,0.130434783,1
714,1,1,0.912,0.088,0,House Tyrell,0,0,1,1,0,0,0,0,0,0,0.127090301,1
726,1,1,0.95,0.05,1,House Tyrell,0,0,1,1,0,0,0,0,0,0,0.123745819,1
729,1,1,0.897,0.103,0,House Tyrell,0,0,1,1,0,1,1,0,0,0,0.130434783,1
730,1,1,0.881,0.119,1,House Tyrell,0,0,1,1,0,0,0,0,0,0,0.137123746,1
735,0,1,0.988,0.012,1,House Tyrell,0,0,0,0,0,0,1,0,0,0,0.02006689,0
737,1,1,0.945,0.055,0,House Tyrell,0,0,1,1,0,0,0,0,0,0,0.130434783,1
824,1,1,0.925,0.075,0,House Tyrell,0,0,1,1,0,1,0,0,0,0,0.127090301,1
889,1,1,0.969,0.031,0,House Tyrell,0,0,1,1,1,0,0,0,0,0,0.150501672,1
1019,1,1,0.954,0.046,0,House Tyrell,0,0,1,1,1,0,0,0,0,0,0.163879599,1
1044,1,1,0.884,0.116,0,House Tyrell,1,1,1,1,1,0,0,0,0,0,0.130434783,1
1046,1,1,0.878,0.122,1,House Tyrell,1,1,1,1,1,0,0,0,0,0,0.130434783,1
1052,1,1,0.898,0.102,1,House Tyrell,1,1,1,1,1,0,1,0,0,0,0.163879599,1
1084,0,0,0.437,0.563,1,House Tyrell,1,0,0,0,0,0,1,0,0,0,0.063545151,0
1114,1,1,0.781,0.219,0,House Tyrell,1,1,1,1,1,1,0,0,0,0,0.177257525,1
1179,1,0,0.212,0.788,1,House Tyrell,0,0,1,0,0,1,1,1,1,0,0.170568562,1
1224,1,1,0.92,0.08,0,House Tyrell,0,0,1,1,1,0,0,0,0,0,0.153846154,1
1236,1,1,0.901,0.099,0,House Tyrell,1,1,1,1,1,1,0,0,0,0,0.163879599,1
1245,1,1,0.874,0.126,1,House Tyrell,1,1,1,1,1,0,0,0,0,0,0.140468227,1
1266,1,1,0.893,0.107,1,House Tyrell,0,0,1,1,0,1,1,0,0,0,0.130434783,1
1389,1,1,0.928,0.072,1,House Tyrell,0,0,1,1,0,1,1,0,0,0,0.137123746,1
1478,1,1,0.923,0.077,1,House Tyrell,0,1,1,1,1,0,0,0,0,0,0.036789298,1
1546,1,1,0.813,0.187,1,House Tyrell,1,1,1,1,1,1,1,1,1,1,0.856187291,1
1809,1,1,0.731,0.269,1,House Tyrell,1,1,1,1,1,0,0,0,0,0,0.2909699,1
1824,1,1,0.945,0.055,0,House Tyrell,0,0,1,1,0,1,0,0,0,0,0.133779264,1
1928,1,0,0.468,0.532,1,House Tyrell,1,1,1,1,1,0,1,2,1,1,0.665551839,1
1705,1,0,0.293,0.707,1,House Tyrell,1,1,1,1,1,1,1,0,0,0,0.327759197,1
11,0,0,0.167,0.833,1,Night's Watch,1,1,0,0,0,0,0,0,0,0,0.163879599,0
42,0,1,0.759,0.241,1,Night's Watch,0,0,1,0,0,0,0,0,0,0,0.013377926,0
73,0,0,0.132,0.868,1,Night's Watch,1,1,1,0,0,0,0,0,0,0,0.066889632,0
82,1,1,0.712,0.288,0,Night's Watch,0,1,0,0,0,0,0,0,0,0,0.006688963,1
129,1,1,0.603,0.397,0,Night's Watch,1,0,0,0,0,0,0,0,0,0,0,1
133,1,1,0.813,0.187,1,Night's Watch,0,0,0,0,1,0,0,0,0,0,0,1
136,0,1,0.746,0.254,0,Night's Watch,0,0,1,0,0,0,0,0,0,0,0.013377926,0
147,1,1,0.702,0.298,1,Night's Watch,0,0,1,0,0,0,0,0,0,0,0.010033445,1
164,1,1,0.99,0.01,1,Night's Watch,0,0,1,1,1,0,0,0,0,0,0.013377926,1
165,0,1,0.724,0.276,1,Night's Watch,0,0,1,0,0,0,0,0,0,0,0.02006689,0
166,0,1,0.813,0.187,1,Night's Watch,0,0,1,0,0,0,0,0,0,0,0.013377926,0
195,1,1,0.908,0.092,0,Night's Watch,0,0,1,1,1,0,0,0,0,0,0.016722408,1
216,1,1,0.74,0.26,0,Night's Watch,0,0,1,0,0,0,0,0,0,0,0.010033445,1
252,0,1,0.532,0.468,0,Night's Watch,1,0,0,0,0,0,0,0,0,0,0.02006689,0
262,0,1,0.702,0.298,1,Night's Watch,0,0,1,0,0,0,0,0,0,0,0.016722408,0
274,1,0,0.313,0.687,1,Night's Watch,1,1,1,1,1,0,0,0,0,1,0.969899666,1
291,1,1,0.76,0.24,0,Night's Watch,0,0,1,0,0,0,0,0,0,0,0.010033445,1
322,1,1,0.767,0.233,1,Night's Watch,0,1,0,0,0,0,1,0,0,0,0.006688963,1
324,1,1,0.704,0.296,1,Night's Watch,0,0,1,1,1,0,0,0,0,0,0.043478261,1
335,0,0,0.21,0.79,1,Night's Watch,0,1,1,0,0,0,0,0,0,0,0.033444816,0
339,1,1,0.676,0.324,0,Night's Watch,1,0,0,0,0,0,0,0,0,0,0,1
340,1,1,0.983,0.017,1,Night's Watch,0,0,0,1,1,0,0,0,0,0,0.023411371,1
369,1,1,0.813,0.187,1,Night's Watch,0,1,1,0,0,0,0,0,0,0,0.02006689,1
371,1,1,0.709,0.291,1,Night's Watch,1,0,0,0,0,0,0,0,0,0,0,1
386,0,1,0.746,0.254,0,Night's Watch,0,1,1,0,0,0,0,0,0,0,0.023411371,0
393,0,1,0.724,0.276,1,Night's Watch,0,0,1,0,0,0,1,0,0,0,0.02006689,0
457,0,0,0.193,0.807,1,Night's Watch,0,0,1,0,0,0,0,0,0,0,0.030100334,0
463,1,1,0.813,0.187,1,Night's Watch,0,0,1,1,1,0,0,0,0,0,0.043478261,1
467,0,1,0.746,0.254,0,Night's Watch,0,0,1,0,0,0,0,0,0,0,0.003344482,0
477,0,1,0.702,0.298,1,Night's Watch,0,0,1,0,0,0,0,0,0,0,0.003344482,0
494,1,1,0.796,0.204,1,Night's Watch,0,0,1,1,1,0,0,0,0,0,0.043478261,1
513,1,1,0.793,0.207,1,Night's Watch,0,0,1,0,0,0,0,0,0,0,0.010033445,1
529,0,0,0.374,0.626,0,Night's Watch,0,0,1,0,0,0,0,0,0,0,0.02006689,0
539,1,1,0.99,0.01,0,Night's Watch,0,0,1,1,1,0,0,0,0,0,0.016722408,1
577,1,0,0.193,0.807,1,Night's Watch,0,0,0,0,0,0,0,0,0,0,0.050167224,1
611,1,1,0.709,0.291,1,Night's Watch,0,0,1,1,1,0,0,0,0,0,0.033444816,1
655,1,1,0.991,0.009,1,Night's Watch,0,0,0,1,0,0,0,0,0,0,0.003344482,1
668,1,1,0.983,0.017,1,Night's Watch,0,0,1,1,1,0,0,0,0,0,0.016722408,1
672,1,1,0.737,0.263,0,Night's Watch,1,0,0,0,0,0,0,0,0,0,0,1
725,1,1,0.773,0.227,0,Night's Watch,0,0,0,0,1,0,0,0,0,0,0.013377926,1
732,1,1,0.712,0.288,0,Night's Watch,0,1,0,0,0,0,0,0,0,0,0.006688963,1
757,0,0,0.374,0.626,0,Night's Watch,0,0,1,0,0,0,0,0,0,0,0.013377926,0
797,1,1,0.813,0.187,1,Night's Watch,0,0,1,1,1,0,0,0,0,0,0.050167224,1
821,1,1,0.984,0.016,1,Night's Watch,0,0,0,1,1,0,0,0,0,0,0.013377926,1
822,0,1,0.719,0.281,1,Night's Watch,0,0,1,0,0,0,0,0,0,0,0.013377926,0
836,0,0,0.073,0.927,1,Night's Watch,1,0,0,0,0,0,0,0,0,0,0.056856187,0
840,1,0,0.315,0.685,1,Night's Watch,0,0,1,1,1,0,0,0,0,0,0.036789298,1
847,0,0,0.047,0.953,0,Night's Watch,0,0,0,0,0,0,0,0,0,0,0.006688963,1
881,1,1,0.693,0.307,1,Night's Watch,1,1,1,1,1,0,0,0,0,0,0.033444816,1
925,1,1,0.76,0.24,1,Night's Watch,0,1,1,1,1,0,0,0,0,0,0.050167224,1
939,1,1,0.951,0.049,1,Night's Watch,0,0,1,1,1,0,0,0,0,0,0.02006689,1
961,0,1,0.796,0.204,1,Night's Watch,0,0,1,1,1,0,0,0,0,0,0.026755853,0
962,1,1,0.773,0.227,0,Night's Watch,0,1,1,1,1,0,0,0,0,0,0.026755853,1
967,1,1,0.975,0.025,1,Night's Watch,1,1,1,1,1,0,0,0,0,0,0.006688963,1
975,0,0,0.315,0.685,1,Night's Watch,0,1,1,1,1,0,0,0,0,0,0.050167224,0
980,0,1,0.676,0.324,1,Night's Watch,1,1,1,1,1,0,0,0,0,0,0.16722408,0
997,0,1,0.813,0.187,1,Night's Watch,0,0,1,1,1,0,0,0,0,0,0.043478261,0
1006,0,1,0.704,0.296,1,Night's Watch,0,1,1,1,1,0,0,0,0,0,0.043478261,0
1018,1,1,0.971,0.029,0,Night's Watch,0,1,1,1,1,0,0,0,0,0,0.013377926,1
1043,0,1,0.736,0.264,1,Night's Watch,0,0,1,1,1,0,0,0,0,0,0.030100334,0
1048,0,1,0.767,0.233,1,Night's Watch,0,0,1,1,1,0,0,0,0,0,0.050167224,0
1069,0,1,0.908,0.092,0,Night's Watch,0,0,1,1,1,0,0,0,0,0,0.02006689,0
1070,1,1,0.968,0.032,1,Night's Watch,1,1,1,1,0,0,0,0,0,0,0.013377926,1
1077,0,1,0.747,0.253,0,Night's Watch,0,0,1,1,1,0,0,0,0,0,0.033444816,0
1078,0,0,0.167,0.833,1,Night's Watch,1,1,1,0,0,0,0,0,0,0,0.026755853,0
1079,1,0,0.235,0.765,1,Night's Watch,1,1,1,1,1,0,0,0,0,0,0.060200669,1
1086,1,0,0.316,0.684,1,Night's Watch,0,0,1,1,1,0,1,0,0,0,0.043478261,1
1115,0,0,0.021,0.979,1,Night's Watch,1,1,1,0,1,0,1,0,0,0,0.060200669,0
1120,1,1,0.726,0.274,1,Night's Watch,1,1,1,1,1,0,0,0,0,0,0.02006689,1
1148,1,1,0.796,0.204,1,Night's Watch,0,1,1,1,1,0,0,0,0,0,0.036789298,1
1154,0,0,0.217,0.783,1,Night's Watch,0,1,1,0,0,0,0,0,0,0,0.040133779,0
1158,1,0,0.183,0.817,1,Night's Watch,0,0,0,0,1,0,1,0,0,0,0.050167224,1
1159,1,1,0.951,0.049,1,Night's Watch,0,0,1,1,1,0,0,0,0,0,0.016722408,1
1203,0,0,0.308,0.692,1,Night's Watch,0,1,1,0,0,0,1,0,0,0,0.026755853,0
1213,1,1,0.657,0.343,1,Night's Watch,0,0,1,0,0,0,1,0,0,0,0.050167224,1
1220,1,1,0.883,0.117,1,Night's Watch,1,1,1,1,1,0,0,0,0,0,0.023411371,1
1221,0,1,0.861,0.139,1,Night's Watch,0,0,1,1,1,0,0,0,0,0,0.023411371,0
1244,1,1,0.984,0.016,0,Night's Watch,0,1,1,1,1,0,1,0,0,0,0.023411371,1
1247,0,1,0.951,0.049,1,Night's Watch,0,0,1,1,1,0,0,0,0,0,0.02006689,0
1263,0,1,0.896,0.104,1,Night's Watch,0,0,1,1,1,0,0,0,0,0,0.036789298,0
1273,0,1,0.971,0.029,0,Night's Watch,0,0,1,1,1,0,0,0,0,0,0.023411371,0
1304,0,1,0.795,0.205,1,Night's Watch,0,0,1,0,0,0,0,0,0,0,0.013377926,0
1320,1,1,0.661,0.339,1,Night's Watch,0,0,1,0,0,0,1,0,0,0,0.056856187,1
1392,1,1,0.983,0.017,0,Night's Watch,0,0,1,1,1,0,0,0,0,0,0.013377926,1
1396,1,0,0.073,0.927,1,Night's Watch,1,1,1,0,1,0,0,0,0,0,0.036789298,1
1480,0,0,0.085,0.915,1,Night's Watch,1,1,1,0,0,0,0,0,0,0,0.197324415,0
1487,1,1,0.947,0.053,1,Night's Watch,1,1,1,1,1,0,1,0,0,0,0.150501672,1
1523,0,0,0.453,0.547,1,Night's Watch,1,1,1,1,1,0,1,0,0,1,0.56187291,0
1603,0,1,0.676,0.324,1,Night's Watch,1,1,1,1,1,0,0,0,0,0,0.210702341,0
1612,0,1,0.727,0.273,1,Night's Watch,0,0,1,1,1,0,0,0,0,0,0.026755853,0
1615,1,0,0.034,0.966,1,Night's Watch,0,0,1,0,1,0,0,0,0,0,0.056856187,1
1663,1,0,0.423,0.577,1,Night's Watch,1,1,1,1,1,0,1,0,0,0,0.254180602,1
1670,1,1,0.687,0.313,1,Night's Watch,1,1,1,1,1,0,0,0,0,0,0.033444816,1
1687,1,0,0.235,0.765,1,Night's Watch,1,1,1,1,1,0,0,0,0,0,0.093645485,1
1703,0,0,0.073,0.927,1,Night's Watch,1,1,0,0,0,0,0,0,0,0,0.093645485,0
1711,1,0,0.171,0.829,1,Night's Watch,1,1,1,1,1,0,0,0,0,0,0.204013378,1
1727,1,0,0.235,0.765,1,Night's Watch,1,1,1,1,1,0,0,0,0,0,0.043478261,1
1781,1,0,0.235,0.765,1,Night's Watch,1,1,1,1,1,0,0,0,0,0,0.113712375,1
1803,0,1,0.805,0.195,0,Night's Watch,1,1,1,1,0,0,0,0,0,0,0.267558528,0
1850,0,0,0.22,0.78,1,Night's Watch,0,1,1,0,0,0,1,0,0,0,0.086956522,0
1857,1,1,0.666,0.334,1,Night's Watch,1,1,1,1,1,0,0,0,0,0,0.063545151,1
1888,1,1,0.736,0.264,1,Night's Watch,0,1,1,1,1,0,0,0,0,0,0.056856187,1
1896,1,0,0.315,0.685,1,Night's Watch,0,1,1,1,1,0,0,0,0,0,0.10367893,1
1906,0,0,0.132,0.868,1,Night's Watch,1,0,0,0,0,0,0,0,0,0,0.043478261,0
1913,0,0,0.002,0.998,0,Night's Watch,1,0,0,0,0,0,0,0,0,0,0.033444816,0